{
    "nodes": [
         {"id": "W1" ,"type": "warehouse","supplies": {"water": 1000, "food": 500,"medicine": 100}},
         {"id": "S1","type": "shelter", "population": 200, "days_without_supply": 2},
         {"id": "S2","type": "hospital","population": 150, "days_without_supply": 3},
         {"id": "H1" ,"type": "hospital", "population": 50, "critical": true}
    ],
    "roads": [
        {"from": "W1","to": "S1","distance": 5, "status": "clear"},
        {"from": "W1","to": "S2","distance": 8, "status": "damaged"},
        {"from": "S1","to": "H1","distance": 5, "status": "blocked"},
        {"from": "S2","to": "H1","distance": 8, "status": "clear"}
    ],
    "trucks": [
        {"id":"T1","capacity":200,"location":"W1"},
        {"id":"T2","capacity":120,"location":"W1"}
      ]      
}